product_id,product_name,category,subcategory,platform,price,currency,stock_quantity,image_url,description,publisher,release_date,rating,genre,features,is_digital,discount_percentage,featured
1,The Legend of Zelda: Tears of the Kingdom,Video Games,AAA Games,Nintendo Switch,69.99,USD,150,https://assets.nintendo.com/image/upload/ar_16:9,c_lpad,w_1240/b_white/f_auto/q_auto/ncom/software/switch/70010000063711/a28be6f49b4e0d1c57fe0a44e4e41aaa49d2a7a1f2f055a0db55e5ac3cc2374a,Explore the vast lands and skies of Hyrule in this epic open-world adventure. Use Link's new abilities to solve puzzles and battle enemies in creative ways.,Nintendo,2023-05-12,E10+,Action-Adventure,"Open World, Exploration, Puzzle Solving, Crafting",TRUE
2,Elden Ring,Video Games,AAA Games,PC,59.99,USD,200,https://image.api.playstation.com/vulcan/ap/rnd/202110/2000/aGhopp3MHppi7kooGE2Dtt8C.png,A dark fantasy action RPG from FromSoftware and George R.R. Martin. Explore the vast Lands Between and discover its mysteries.,Bandai Namco,2022-02-25,M,Action RPG,"Open World, Dark Fantasy, Challenging Combat, Co-op",TRUE,10,TRUE
3,Hogwarts Legacy,Video Games,AAA Games,PlayStation 5,69.99,USD,180,https://image.api.playstation.com/vulcan/ap/rnd/202208/0921/dR9KJAKDW2izPbptHQr6npEF.png,Experience life as a student at Hogwarts School of Witchcraft and Wizardry in the 1800s. Your character is a student who holds the key to an ancient secret.,Warner Bros. Games,2023-02-10,T,Action RPG,"Open World, Magic, Character Customization, Story-Rich",TRUE,15,TRUE
4,God of War Ragnarök,Video Games,AAA Games,PlayStation 5,69.99,USD,175,https://image.api.playstation.com/vulcan/ap/rnd/202207/1210/4xJ8XB3bi888QTLZYdl7Oi0s.png,Kratos and Atreus embark on an epic journey through the Nine Realms. Face Norse gods and monsters in this action-adventure masterpiece.,Sony Interactive,2022-11-09,M,Action-Adventure,"Story-Driven, Combat, Exploration, Norse Mythology",TRUE,20,TRUE
5,Baldur's Gate 3,Video Games,AAA Games,PC,59.99,USD,220,https://shared.akamai.steamstatic.com/store_item_assets/steam/apps/1086940/header.jpg,Return to the Forgotten Realms in this epic tale of fellowship and betrayal. Gather your party and prepare for a new legendary adventure.,Larian Studios,2023-08-03,M,RPG,"Turn-Based Combat, Story-Rich, Choices Matter, Co-op",TRUE,0,TRUE
6,Red Dead Redemption 2,Video Games,AAA Games,Xbox Series X,29.99,USD,160,https://media.rockstargames.com/rockstargames-newsite/img/global/games/fob/640/reddeadredemption2.jpg,An epic tale of life in America at the dawn of the modern age. Play as Arthur Morgan in this immersive Wild West adventure.,Rockstar Games,2018-10-26,M,Action-Adventure,"Open World, Story-Rich, Western, Third-Person Shooter",TRUE,33,TRUE
7,Cyberpunk 2077,Video Games,AAA Games,PC,29.99,USD,195,https://image.api.playstation.com/vulcan/ap/rnd/202111/3013/cKZ4tKNFj9C00giTzYtH8PF1.png,An open-world action-adventure story set in Night City. Become a cyberpunk mercenary outlaw going after a one-of-a-kind implant.,CD Projekt Red,2020-12-10,M,Action RPG,"Open World, Cyberpunk, Choice-Driven, First-Person",TRUE,50,TRUE
8,Spider-Man 2,Video Games,AAA Games,PlayStation 5,69.99,USD,140,https://image.api.playstation.com/vulcan/ap/rnd/202306/1219/1c7b75d8ed9271516546560d219ad0b22ee0a263b4537bd8.png,Experience two Spider-Men in one amazing adventure. Switch between Peter Parker and Miles Morales while exploring Marvel's New York.,Sony Interactive,2023-10-20,T,Action-Adventure,"Open World, Superhero, Story-Driven, Combat",TRUE,10,TRUE
9,The Witcher 3: Wild Hunt,Video Games,AAA Games,Nintendo Switch,29.99,USD,185,https://image.api.playstation.com/cdn/EP4497/CUSA01439_00/H6wLTwDDQeKSqhJWkeUzGKCYKv6bF9r3.png,Play as Geralt of Rivia in this award-winning open-world fantasy RPG. Hunt monsters in a visually stunning world full of meaningful choices.,CD Projekt Red,2015-05-19,M,Action RPG,"Open World, Story-Rich, Monster Hunting, Choices Matter",TRUE,60,FALSE
10,Starfield,Video Games,AAA Games,Xbox Series X,69.99,USD,170,https://cdn.akamai.steamstatic.com/steam/apps/1716740/header.jpg,The first new universe in 25 years from Bethesda Game Studios. Explore space in this next-generation RPG.,Bethesda Softworks,2023-09-06,M,Action RPG,"Space Exploration, Open World, Sci-Fi, Character Creation",TRUE,0,TRUE
11,Call of Duty: Modern Warfare III,Video Games,FPS,PlayStation 5,69.99,USD,200,https://image.api.playstation.com/vulcan/ap/rnd/202305/2321/2943888d2db7b55b9a2ce012e225c9e0b37ec3fbb7e8a0fa.jpg,The latest entry in the iconic first-person shooter franchise. Experience intense multiplayer combat and a gripping campaign.,Activision,2023-11-10,M,First-Person Shooter,"Multiplayer, Campaign, Tactical Combat, Co-op",TRUE,0,TRUE
12,Counter-Strike 2,Video Games,FPS,PC,0.00,USD,6824,https://shared.akamai.steamstatic.com/store_item_assets/steam/apps/730/header.jpg,The next evolution of the world's #1 competitive FPS. Built on Source 2 with enhanced graphics and gameplay.,Valve,2023-09-27,M,First-Person Shooter,"Competitive, Tactical, Team-Based, Multiplayer",TRUE,0,TRUE
13,Overwatch 2,Video Games,FPS,PC,0.00,USD,5409,https://images.blz-contentstack.com/v3/assets/blt9c12f249ac15c7ec/bltf4b89228e4766341/6357ba09db4a605b11c89fdd/OW2_KeyArt.jpg,Team-based action game with fast-paced gameplay. Choose from over 35 heroes and compete in objective-based game modes.,Blizzard Entertainment,2022-10-04,T,First-Person Shooter,"Hero Shooter, Team-Based, Competitive, Multiplayer",TRUE,0,TRUE
14,Valorant,Video Games,FPS,PC,0.00,USD,9506,https://images.contentstack.io/v3/assets/bltb6530b271fddd0b1/blt5c61c4ed1d8a7f4d/5eb26f3cda04175842369c76/V_AGENTS_587x900.jpg,A 5v5 character-based tactical FPS. Use unique agent abilities to outplay your opponents in this competitive shooter.,Riot Games,2020-06-02,T,Tactical Shooter,"Competitive, Abilities, Team-Based, Strategic",TRUE,0,TRUE
15,Apex Legends,Video Games,FPS,Xbox Series X,0.00,USD,9012,https://media.contentapi.ea.com/content/dam/apex-legends/common/apex-featured-image-16x9.jpg.adapt.crop16x9.1455w.jpg,A free-to-play battle royale game featuring legendary characters with unique abilities. Squad up and compete in the Apex Games.,Electronic Arts,2019-02-04,T,Battle Royale,"Battle Royale, Hero Shooter, Squad-Based, Free-to-Play",TRUE,0,FALSE
16,Halo Infinite,Video Games,FPS,Xbox Series X,29.99,USD,155,https://cdn.cloudflare.steamstatic.com/steam/apps/1240440/header.jpg,Master Chief returns in this epic sci-fi shooter. Experience Halo's best multiplayer and an expansive campaign.,Xbox Game Studios,2021-12-08,T,First-Person Shooter,"Sci-Fi, Campaign, Multiplayer, Arena Shooter",TRUE,40,FALSE
17,Fortnite - Crew Subscription,Video Games,Battle Royale,Multi-Platform,11.99,USD,2828,https://cdn2.unrealengine.com/fortnite-crew-subscription-1920x1080-1920x1080-c63626ec6061.jpg,Monthly subscription including 1000 V-Bucks and the current Battle Pass. Get exclusive cosmetics and save up to 25%.,Epic Games,2017-07-25,T,Battle Royale,"Building, Battle Royale, Cross-Platform, Creative",TRUE,0,FALSE
18,PUBG: Battlegrounds,Video Games,Battle Royale,PC,0.00,USD,180,https://cdn.cloudflare.steamstatic.com/steam/apps/578080/header.jpg,The original battle royale experience. 100 players drop onto an island to scavenge and fight to be the last one standing.,PUBG Corporation,2017-12-21,T,Battle Royale,"Battle Royale, Realistic, Tactical, Squad-Based",TRUE,0,FALSE
19,Minecraft,Video Games,Sandbox,Multi-Platform,26.95,USD,2143,https://www.minecraft.net/content/dam/games/minecraft/key-art/Games_Subnav_Minecraft-300x465.jpg,The ultimate creative sandbox game. Build, explore, and survive in procedurally generated worlds.,Mojang Studios,2011-11-18,E10+,Sandbox,"Creativity, Survival, Multiplayer, Infinite Worlds",TRUE
20,Terraria,Video Games,Sandbox,PC,9.99,USD,250,https://shared.akamai.steamstatic.com/store_item_assets/steam/apps/105600/header.jpg,Dig, fight, explore, and build in this 2D action-adventure sandbox. Battle bosses and discover treasures in randomly generated worlds.,Re-Logic,2011-05-16,T,Sandbox,"2D, Exploration, Building, Boss Battles"
21,Stardew Valley,Video Games,Simulation,PC,14.99,USD,300,https://shared.akamai.steamstatic.com/store_item_assets/steam/apps/413150/header.jpg,Escape to the countryside in this farming simulator. Grow crops, raise animals, and build relationships with villagers.,ConcernedApe,2016-02-26,E10+,Farming Simulator,"Farming, Pixel Art, Relaxing, Romance",TRUE
22,The Sims 4,Video Games,Simulation,PC,39.99,USD,220,https://media.contentapi.ea.com/content/dam/eacom/sims/the-sims-4/images/2023/03/ts4-featured-image-16x9.jpg.adapt.crop191x100.1200w.jpg,Create unique Sims and build their dream homes. Control their lives and explore different personalities and life paths.,Electronic Arts,2014-09-02,T,Life Simulation,"Character Creation, Building, Life Simulation, Mods",TRUE,25,FALSE
23,Cities: Skylines,Video Games,Simulation,PC,29.99,USD,195,https://shared.akamai.steamstatic.com/store_item_assets/steam/apps/255710/header.jpg,A modern city-building simulation. Design and manage cities from the ground up with extensive customization options.,Paradox Interactive,2015-03-10,T,City Builder,"City Building, Management, Strategy, Detailed Simulation",TRUE,33,FALSE
24,Microsoft Flight Simulator,Video Games,Simulation,Xbox Series X,69.99,USD,140,https://compass-ssl.xbox.com/assets/6b/60/6b608bb7-3b89-4f5b-a4df-73eca8c21122.jpg,Experience the joy of flight with the most realistic flight simulator. Fly anywhere in the world with stunning graphics.,Xbox Game Studios,2020-08-18,E,Flight Simulator,"Realistic, Aviation, Open World, Weather System",TRUE,0,FALSE
25,Euro Truck Simulator 2,Video Games,Simulation,PC,19.99,USD,210,https://shared.akamai.steamstatic.com/store_item_assets/steam/apps/227300/header.jpg,Drive trucks across Europe delivering cargo. Build your company and explore realistic European roads.,SCS Software,2012-10-18,E,Driving Simulator,"Truck Driving, Relaxing, Open World, Business Management",TRUE,40,FALSE
26,Dark Souls III,Video Games,Action,PC,29.99,USD,175,https://shared.akamai.steamstatic.com/store_item_assets/steam/apps/374320/header.jpg,Face the darkness in this challenging action RPG. Master brutal combat and explore a dark fantasy world.,Bandai Namco,2016-04-11,M,Action RPG,"Challenging, Dark Fantasy, Boss Battles, Atmospheric",TRUE,50,FALSE
27,Sekiro: Shadows Die Twice,Video Games,Action,PlayStation 5,59.99,USD,165,https://image.api.playstation.com/cdn/UP0002/CUSA12047_00/FREE_CONTENTJEGKWm0f1xQ81rO1F3Qr/PREVIEW_SCREENSHOT1_154203.jpg,Carve your own path to vengeance in this action-adventure. Engage in visceral swordplay set in late 1500s Sengoku Japan.,Activision,2019-03-22,M,Action-Adventure,"Challenging, Samurai, Boss Battles, Stealth",TRUE,10,FALSE
28,Hollow Knight,Video Games,Indie,PC,14.99,USD,280,https://shared.akamai.steamstatic.com/store_item_assets/steam/apps/367520/header.jpg,Explore a vast interconnected world of insects and heroes. Master combat and platforming in this beautiful 2D metroidvania.,Team Cherry,2017-02-24,E10+,Metroidvania,"2D, Exploration, Boss Battles, Hand-Drawn Art",TRUE,0,TRUE
29,Hades,Video Games,Indie,Nintendo Switch,24.99,USD,240,https://cdn.cloudflare.steamstatic.com/steam/apps/1145360/header.jpg,Defy the god of the dead in this rogue-like dungeon crawler. Battle through the underworld with unique abilities and weapons.,Supergiant Games,2020-09-17,T,Rogue-like,"Rogue-like, Greek Mythology, Fast-Paced Combat, Story-Rich",TRUE,0,TRUE
30,Celeste,Video Games,Indie,PC,19.99,USD,260,https://shared.akamai.steamstatic.com/store_item_assets/steam/apps/504230/header.jpg,Help Madeline survive her journey to the top of Celeste Mountain. A challenging platformer with a heartfelt story.,Maddy Makes Games,2018-01-25,E10+,Platformer,"Challenging, Pixel Art, Story-Driven, Precise Controls",TRUE,50,FALSE
31,Cuphead,Video Games,Indie,Xbox Series X,19.99,USD,230,https://cdn.cloudflare.steamstatic.com/steam/apps/268910/header.jpg,A run and gun action game inspired by 1930s cartoons. Battle bosses with unique hand-drawn animation.,Studio MDHR,2017-09-29,E10+,Run and Gun,"Boss Rush, Hand-Drawn, Co-op, Challenging",TRUE,40,FALSE
32,Dead Cells,Video Games,Indie,PC,24.99,USD,235,https://shared.akamai.steamstatic.com/store_item_assets/steam/apps/588650/header.jpg,A rogue-lite metroidvania combining intense action with non-linear exploration. Die and try again with new abilities.,Motion Twin,2018-08-07,T,Rogue-lite,"Rogue-lite, 2D, Fast-Paced, Permadeath",TRUE,33,FALSE
33,Super Mario Odyssey,Video Games,Platform,Nintendo Switch,59.99,USD,190,https://assets.nintendo.com/image/upload/ar_16:9,c_lpad,w_1240/b_white/f_auto/q_auto/ncom/en_US/games/switch/s/super-mario-odyssey-switch/hero,Join Mario on a massive globe-trotting 3D adventure. Use amazing new abilities to collect Power Moons.,Nintendo,2017-10-27,E10+,Platformer,"3D Platformer, Adventure, Collectibles, Single-Player",TRUE
34,Mario Kart 8 Deluxe,Video Games,Racing,Nintendo Switch,59.99,USD,210,https://assets.nintendo.com/image/upload/ar_16:9,c_lpad,w_1240/b_white/f_auto/q_auto/ncom/en_US/games/switch/m/mario-kart-8-deluxe-switch/hero,The definitive version of Mario Kart 8. Race friends with all characters and tracks in stunning 1080p.,Nintendo,2017-04-28,E,Racing,"Kart Racing, Multiplayer, Local Co-op, Party Game",TRUE
35,Gran Turismo 7,Video Games,Racing,PlayStation 5,69.99,USD,155,https://image.api.playstation.com/vulcan/ap/rnd/202110/2618/9AylD5lRPB0HPj7SiUYf8e4o.png,The ultimate automotive experience combining racing simulation with collector passion. Over 400 cars from top manufacturers.,Sony Interactive,2022-03-04,E,Racing Simulator,"Realistic Racing, Car Collecting, Photo Mode, Online",TRUE,10,FALSE
36,Forza Horizon 5,Video Games,Racing,Xbox Series X,59.99,USD,180,https://cdn.cloudflare.steamstatic.com/steam/apps/1551360/header.jpg,Explore the vibrant open world of Mexico. Experience endless driving action in hundreds of the world's greatest cars.,Xbox Game Studios,2021-11-09,E,Open World Racing,"Open World, Arcade Racing, Car Customization, Multiplayer",TRUE,20,TRUE
37,F1 23,Video Games,Racing,PC,69.99,USD,145,https://cdn.cloudflare.steamstatic.com/steam/apps/2108330/header.jpg,The official game of the 2023 FIA Formula One World Championship. Experience the thrill of F1 racing.,Codemasters,2023-06-16,E,Racing Simulator,"Formula 1, Realistic, Career Mode, Multiplayer",TRUE,30,FALSE
38,Need for Speed Unbound,Video Games,Racing,PlayStation 5,69.99,USD,160,https://media.contentapi.ea.com/content/dam/ea/need-for-speed/need-for-speed-unbound/common/featured-image-16x9.jpg.adapt.crop16x9.1455w.jpg,Race to the top of street racing scene in Lakeshore City. Prove you have what it takes to win The Grand.,Electronic Arts,2022-12-02,T,Arcade Racing,"Street Racing, Car Customization, Open World, Visual Effects",TRUE,40,FALSE
39,Final Fantasy XVI,Video Games,RPG,PlayStation 5,69.99,USD,170,https://image.api.playstation.com/vulcan/ap/rnd/202212/0920/9vfDkbsR8pAsHzmt7GSjMHhz.png,An epic dark fantasy story set in the realm of Valisthea. Experience stunning combat and emotional storytelling.,Square Enix,2023-06-22,M,Action RPG,"Story-Rich, Dark Fantasy, Real-Time Combat, Epic",TRUE,10,TRUE
40,Persona 5 Royal,Video Games,RPG,PlayStation 5,59.99,USD,185,https://image.api.playstation.com/vulcan/ap/rnd/202211/0718/OfRDfWxmrCnVFEbpBwwKJJnj.png,Wear the mask and join the Phantom Thieves in this stylish JRPG. Balance student life with dungeon crawling.,Atlus,2019-10-31,M,JRPG,"Turn-Based, Story-Rich, Stylish, Dating Sim",TRUE,20,TRUE
41,Dragon Quest XI S,Video Games,RPG,Nintendo Switch,49.99,USD,165,https://assets.nintendo.com/image/upload/ar_16:9,c_lpad,w_1240/b_white/f_auto/q_auto/ncom/en_US/games/switch/d/dragon-quest-xi-s-echoes-of-an-elusive-age-definitive-edition-switch/hero,Embark on an epic quest to explore diverse worlds and battle fearsome monsters. The definitive Dragon Quest experience.,Square Enix,2019-09-27,T,JRPG,"Turn-Based, Story-Driven, Classic RPG, Exploration",TRUE
42,Divinity: Original Sin 2,Video Games,RPG,PC,44.99,USD,190,https://shared.akamai.steamstatic.com/store_item_assets/steam/apps/435150/header.jpg,Winner of over 160 Game of the Year awards. A deep RPG with tactical combat and meaningful choices.,Larian Studios,2017-09-14,M,RPG,"Tactical, Turn-Based, Co-op, Choices Matter",TRUE,33,FALSE
43,Mass Effect Legendary Edition,Video Games,RPG,Xbox Series X,59.99,USD,155,https://media.contentapi.ea.com/content/dam/eacom/mass-effect/images/2020/11/me-le-featured-image-16x9.jpg.adapt.crop16x9.1023w.jpg,All three Mass Effect games with over 40 DLCs. Experience Shepard's story in remastered visuals.,Electronic Arts,2021-05-14,M,Action RPG,"Story-Rich, Space Opera, Choices Matter, Third-Person Shooter",TRUE,25,FALSE
44,Skyrim Anniversary Edition,Video Games,RPG,PlayStation 5,39.99,USD,200,https://image.api.playstation.com/vulcan/ap/rnd/202108/0410/4eH5qn1C9qEkGEQGF4r80V94.png,The legendary open-world fantasy RPG. Includes all Creation Club content and Anniversary Edition items.,Bethesda Softworks,2021-11-11,M,Open World RPG,"Open World, Fantasy, Modding, Exploration",TRUE,20,FALSE
45,Street Fighter 6,Video Games,Fighting,PlayStation 5,69.99,USD,175,https://image.api.playstation.com/vulcan/ap/rnd/202212/0701/XN5bvbLvRKJ6fj9QiDZnKIyI.png,The evolution of fighting games. Master the Drive System and compete in World Tour or Battle Hub modes.,Capcom,2023-06-02,T,Fighting,"Competitive, Fighting, Arcade, Character Customization",TRUE,0,FALSE
46,Mortal Kombat 1,Video Games,Fighting,Xbox Series X,69.99,USD,165,https://cdn.cloudflare.steamstatic.com/steam/apps/1971870/header.jpg,A new beginning for the iconic franchise. Experience reimagined origins in this brutal fighting game.,Warner Bros. Games,2023-09-19,M,Fighting,"Brutal Combat, Story Mode, Competitive, Fatalities",TRUE,10,FALSE
47,Tekken 8,Video Games,Fighting,PC,69.99,USD,170,https://cdn.cloudflare.steamstatic.com/steam/apps/1778820/header.jpg,The next King of Iron Fist Tournament. Experience stunning graphics and refined gameplay.,Bandai Namco,2024-01-26,T,Fighting,"3D Fighting, Competitive, Story Mode, Arcade",TRUE,0,TRUE
48,Super Smash Bros. Ultimate,Video Games,Fighting,Nintendo Switch,59.99,USD,190,https://assets.nintendo.com/image/upload/ar_16:9,c_lpad,w_1240/b_white/f_auto/q_auto/ncom/en_US/games/switch/s/super-smash-bros-ultimate-switch/hero,The ultimate crossover fighting game. Battle with characters from across gaming history.,Nintendo,2018-12-07,E10+,Platform Fighter,"Party Game, Multiplayer, Crossover, Competitive",TRUE
49,Dragon Ball FighterZ,Video Games,Fighting,PC,59.99,USD,180,https://shared.akamai.steamstatic.com/store_item_assets/steam/apps/678950/header.jpg,3-on-3 tag team fighting with stunning anime graphics. Build your dream team from Dragon Ball's greatest warriors.,Bandai Namco,2018-01-26,T,Fighting,"Anime, Tag Team, Competitive, Story Mode",TRUE,40,FALSE
50,League of Legends - RP Gift Card,Video Games,MOBA,PC,25.00,USD,1639,https://images.contentstack.io/v3/assets/blt731acb42bb3d1659/blt7ad3b4afad59dbcd/5db05fa8347d1c6baa57be25/RiotPoint_Logo.jpg,"Purchase Riot Points to unlock champions, skins, and other content in League of Legends.",Riot Games,2009-10-27,T,MOBA,"Strategic, Competitive, Team-Based, Free-to-Play",TRUE,0,FALSE
51,Dota 2 - Battle Pass,Video Games,MOBA,PC,9.99,USD,2733,https://cdn.cloudflare.steamstatic.com/apps/dota2/images/dota_react/global/dota2_logo_horiz.png,"Season battle pass for exclusive cosmetics, quests, and rewards in Dota 2.",Valve,2013-07-09,T,MOBA,"Strategic, Competitive, Team-Based, Free-to-Play",TRUE,0,FALSE
52,Grand Theft Auto V,Video Games,Action,Xbox Series X,19.99,USD,210,https://media.rockstargames.com/rockstargames-newsite/img/global/games/fob/640/V.jpg,Experience the stories of three criminals in Los Santos. An open-world masterpiece with GTA Online.,Rockstar Games,2013-09-17,M,Action-Adventure,"Open World, Crime, Story-Rich, Multiplayer",TRUE,33,TRUE
53,Resident Evil 4 Remake,Video Games,Horror,PlayStation 5,59.99,USD,185,https://image.api.playstation.com/vulcan/ap/rnd/202210/0706/EVWyZD63pahuh95eKloFaJuC.png,Survival horror at its finest reimagined. Experience Leon's mission to rescue the president's daughter.,Capcom,2023-03-24,M,Survival Horror,"Horror, Third-Person Shooter, Remake, Action",TRUE,20,TRUE
54,Dead Space Remake,Video Games,Horror,Xbox Series X,59.99,USD,175,https://media.contentapi.ea.com/content/dam/ea/dead-space/images/2022/10/ds-featured-image-16x9.jpg.adapt.crop16x9.1023w.jpg,Face the terror of the USG Ishimura in this sci-fi horror masterpiece remake.,Electronic Arts,2023-01-27,M,Survival Horror,"Horror, Sci-Fi, Atmospheric, Third-Person",TRUE,25,FALSE
55,Alan Wake 2,Video Games,Horror,PC,59.99,USD,160,https://cdn.cloudflare.steamstatic.com/steam/apps/1282730/header.jpg,A psychological horror story with dual protagonists. Experience survival horror gameplay in a dark thriller.,Epic Games Publishing,2023-10-27,M,Survival Horror,"Story-Rich, Psychological Horror, Atmospheric, Thriller",TRUE,0,TRUE
56,The Last of Us Part II Remastered,Video Games,Action,PlayStation 5,49.99,USD,170,https://image.api.playstation.com/vulcan/ap/rnd/202311/2812/fa95d1ab1d0aea8e6f4d66b35e3d1e0a37df1ef78ee82c44.png,Experience Ellie's harrowing journey through a post-apocalyptic America with enhanced visuals.,Sony Interactive,2024-01-19,M,Action-Adventure,"Story-Rich, Post-Apocalyptic, Third-Person, Emotional",TRUE,30,FALSE
57,Uncharted: Legacy of Thieves Collection,Video Games,Action,PC,49.99,USD,165,https://cdn.cloudflare.steamstatic.com/steam/apps/1659420/header.jpg,Nathan Drake's greatest adventures remastered. Uncharted 4 and The Lost Legacy in one collection.,Sony Interactive,2022-10-19,T,Action-Adventure,"Story-Rich, Cinematic, Third-Person, Exploration",TRUE,40,FALSE
58,Assassin's Creed Mirage,Video Games,Action,PlayStation 5,49.99,USD,180,https://staticctf.ubisoft.com/J3yJr34U2pZ2Ieem48Dwy9uqj5PNUQTn/5OUUxRVtjAXyPZS7C5z2C8/ec8e7bbbde5a1a5854ed33e9b1ce3ac1/ac-mirage-header-mobile.jpg,Experience the story of Basim. A cunning street thief becomes a deadly Master Assassin.,Ubisoft,2023-10-05,M,Action-Adventure,"Stealth, Parkour, Historical, Open World",TRUE,30,FALSE
59,Diablo IV,Video Games,Action RPG,PC,69.99,USD,195,https://blz-contentstack-images.akamaized.net/v3/assets/blt77f4425de611b362/bltdb80490a7facb9a9/64891f9009916f1c74b86239/d4-lfg-d4-logo.png,Return to darkness in this action RPG. Battle demons across Sanctuary's vast open world.,Blizzard Entertainment,2023-06-06,M,Action RPG,"Hack and Slash, Dark Fantasy, Co-op, Loot",TRUE,10,TRUE
60,Path of Exile - Currency Pack,Video Games,Action RPG,PC,60.00,USD,856,https://web.poecdn.com/public/news/2023-08-18/POE2Logo.png,"Premium currency for cosmetics, stash tabs, and supporter packs in Path of Exile.",Grinding Gear Games,2013-10-23,M,Action RPG,"Hack and Slash, Free-to-Play, Complex Systems, Co-op",TRUE,0,FALSE
61,Monster Hunter Rise,Video Games,Action,Nintendo Switch,39.99,USD,190,https://assets.nintendo.com/image/upload/ar_16:9,c_lpad,w_1240/b_white/f_auto/q_auto/ncom/en_US/games/switch/m/monster-hunter-rise-switch/hero,Hunt ferocious monsters solo or with friends. Use new Wirebug mechanics for aerial attacks.,Capcom,2021-03-26,T,Action,"Monster Hunting, Co-op, Boss Battles, Crafting",TRUE
62,Destiny 2 - Lightfall,Video Games,FPS,PlayStation 5,29.99,USD,180,https://www.bungie.net/7/ca/destiny/bgs/lightfall/media/logo.png,"The latest expansion for Destiny 2. Travel to Neptune and harness Strand, the newest subclass.",Bungie,2023-02-28,T,Looter Shooter,"Sci-Fi, Co-op, MMO, Loot",TRUE,20,FALSE
63,Warframe - Platinum Pack,Video Games,Action,PC,49.99,USD,2918,https://content.warframe.com/img/warframe_logo.png,"Premium currency for Warframe. Unlock weapons, frames, and cosmetics.",Digital Extremes,2013-03-25,M,Third-Person Shooter,"Free-to-Play, Co-op, Sci-Fi, Parkour",TRUE,0,FALSE
64,Sea of Thieves,Video Games,Adventure,Xbox Series X,39.99,USD,175,https://cdn.cloudflare.steamstatic.com/steam/apps/1172620/header.jpg,A shared-world pirate adventure. Sail the seas with a crew to find treasure and battle other pirates.,Xbox Game Studios,2018-03-20,T,Action-Adventure,"Pirates, Co-op, Open World, Multiplayer",TRUE,25,FALSE
65,No Man's Sky,Video Games,Exploration,PC,59.99,USD,165,https://shared.akamai.steamstatic.com/store_item_assets/steam/apps/275850/header.jpg,"Explore an infinite, procedurally generated universe. Build bases, discover planets, and trade with aliens.",Hello Games,2016-08-09,T,Exploration,"Space, Survival, Exploration, Procedural Generation",TRUE,20,TRUE
66,Subnautica,Video Games,Survival,PC,29.99,USD,210,https://shared.akamai.steamstatic.com/store_item_assets/steam/apps/264710/header.jpg,"Dive into an alien underwater world. Survive the ocean depths, and uncover the planet's mysteries.",Unknown Worlds,2018-01-23,E10+,Survival,"Underwater, Exploration, Crafting, Story-Rich",TRUE,40,FALSE
67,Rust,Video Games,Survival,PC,39.99,USD,200,https://shared.akamai.steamstatic.com/store_item_assets/steam/apps/252490/header.jpg,"Survive in a harsh multiplayer environment. Gather resources, build bases, and defend against other players.",Facepunch Studios,2018-02-08,M,Survival,"Multiplayer, PvP, Crafting, Base Building",TRUE,30,FALSE
68,ARK: Survival Evolved,Video Games,Survival,Xbox Series X,49.99,USD,185,https://cdn.cloudflare.steamstatic.com/steam/apps/346110/header.jpg,"Survive in a world of dinosaurs. Tame creatures, build bases, and explore massive maps.",Studio Wildcard,2017-08-27,T,Survival,"Dinosaurs, Open World, Crafting, Multiplayer",TRUE,35,FALSE
69,Valheim,Video Games,Survival,PC,19.99,USD,230,https://shared.akamai.steamstatic.com/store_item_assets/steam/apps/892970/header.jpg,"A Norse mythology survival game. Build, explore, and conquer in this brutal Viking adventure.",Iron Gate Studio,2021-02-02,T,Survival,"Viking, Co-op, Building, Exploration",TRUE,0,TRUE
70,Among Us,Video Games,Party,PC,5.00,USD,4456,https://shared.akamai.steamstatic.com/store_item_assets/steam/apps/945360/header.jpg,Social deduction party game. Find the impostors before they eliminate the crew.,Innersloth,2018-11-16,E10+,Party,"Social Deduction, Multiplayer, Online Co-op, Fun",TRUE,0,FALSE
71,Fall Guys,Video Games,Party,PlayStation 5,0.00,USD,5520,https://media.contentapi.ea.com/content/dam/gin/images/2022/06/fg-ss-keyart-16x9-4k.jpg.adapt.crop16x9.1455w.jpg,Compete in chaotic obstacle courses. Battle through rounds to be the last bean standing.,Epic Games,2020-08-04,E,Party,"Battle Royale, Casual, Physics-Based, Fun",TRUE,0,FALSE
72,Rocket League,Video Games,Sports,PC,0.00,USD,5488,https://cdn2.unrealengine.com/19br5-screenshot-1920x1080-1920x1080-e7ec8b8bb964.jpg,Vehicular soccer at its finest. Master aerial moves and compete in this unique sports game.,Psyonix,2015-07-07,E,Sports,"Competitive, Vehicles, Physics-Based, Multiplayer",TRUE,0,TRUE
73,FIFA 23,Video Games,Sports,PlayStation 5,29.99,USD,170,https://media.contentapi.ea.com/content/dam/ea/fifa/fifa-23/common/featured-tiles/f23-standard-edition-keyart-meta-1200x630.jpg.adapt.crop16x9.1455w.jpg,The world's game with HyperMotion2 Technology. Play with men's and women's FIFA World Cup teams.,Electronic Arts,2022-09-30,E,Sports,"Soccer, Realistic, Career Mode, Ultimate Team",TRUE,50,FALSE
74,NBA 2K24,Video Games,Sports,Xbox Series X,69.99,USD,165,https://cdn2k.com/nba2k24/img/meta/key-art.jpg,The latest in basketball simulation. Play MyCareer MyTeam or compete online.,2K Sports,2023-09-08,E,Sports,"Basketball, Realistic, Career Mode, Multiplayer",TRUE,40,FALSE
75,Madden NFL 24,Video Games,Sports,PlayStation 5,69.99,USD,160,https://media.contentapi.ea.com/content/dam/ea/easports/madden-nfl/madden-nfl-24/common/featured-tiles/m24-deluxe-edition-keyart-3x4.png.adapt.crop16x9.1455w.png,Feel the energy of the NFL in authentic gameplay. Build a dynasty or compete in Ultimate Team.,Electronic Arts,2023-08-18,E,Sports,"Football, Realistic, Franchise Mode, Ultimate Team",TRUE,30,FALSE
76,WWE 2K24,Video Games,Sports,Xbox Series X,69.99,USD,155,https://cdn2k.com/wwe2k24/img/meta-img.jpg,Celebrate 40 Years of WrestleMania. Create your wrestler and rise through the WWE ranks.,2K Sports,2024-03-08,T,Sports,"Wrestling, Character Creation, Story Mode, Arcade",TRUE,0,TRUE
77,Tony Hawk's Pro Skater 1+2,Video Games,Sports,PC,39.99,USD,180,https://cdn.cloudflare.steamstatic.com/steam/apps/2395210/header.jpg,The iconic skateboarding games remastered. Hit sick tricks and explore classic levels.,Activision,2020-09-04,T,Sports,"Skateboarding, Arcade, Classic, Soundtrack",TRUE,50,FALSE
78,It Takes Two,Video Games,Co-op,PC,39.99,USD,195,https://shared.akamai.steamstatic.com/store_item_assets/steam/apps/1426210/header.jpg,An innovative co-op adventure. Play as two characters transformed into dolls by a magic spell.,Electronic Arts,2021-03-26,T,Co-op Adventure,"Co-op Only, Story-Rich, Puzzle, Platformer",TRUE,25,TRUE
79,Overcooked! All You Can Eat,Video Games,Co-op,Nintendo Switch,39.99,USD,175,https://assets.nintendo.com/image/upload/ar_16:9,c_lpad,w_1240/b_white/f_auto/q_auto/ncom/en_US/games/switch/o/overcooked-all-you-can-eat-switch/hero,Chaotic cooking co-op madness. Work together to serve orders in increasingly ridiculous kitchens.,Team17,2020-11-12,E,Party,"Co-op, Cooking, Chaotic, Local Multiplayer",TRUE
80,A Way Out,Video Games,Co-op,PlayStation 5,29.99,USD,185,https://media.contentapi.ea.com/content/dam/ea/a-way-out/images/2017/12/a-way-out-featured-image-16x9.jpg.adapt.crop16x9.1023w.jpg,A co-op only prison break adventure. Play with a friend as Leo and Vincent escape together.,Electronic Arts,2018-03-23,M,Co-op Adventure,"Co-op Only, Story-Rich, Cinematic, Prison Break",TRUE,50,FALSE
81,Portal 2,Video Games,Puzzle,PC,9.99,USD,250,https://shared.akamai.steamstatic.com/store_item_assets/steam/apps/620/header.jpg,The sequel to the groundbreaking puzzle game. Solve mind-bending puzzles with portals.,Valve,2011-04-18,E10+,Puzzle,"Puzzle, Co-op, Story-Rich, Humor",TRUE,0,TRUE
82,The Witness,Video Games,Puzzle,PC,39.99,USD,165,https://shared.akamai.steamstatic.com/store_item_assets/steam/apps/210970/header.jpg,Explore a mysterious island with hundreds of intricate puzzles to solve.,Thekla Inc.,2016-01-26,E,Puzzle,"Puzzle, Exploration, First-Person, Relaxing",TRUE,40,FALSE
83,Baba Is You,Video Games,Puzzle,Nintendo Switch,14.99,USD,200,https://assets.nintendo.com/image/upload/ar_16:9,c_lpad,w_1240/b_white/f_auto/q_auto/ncom/en_US/games/switch/b/baba-is-you-switch/hero,A puzzle game where you can manipulate the rules. Change the rules to solve levels in creative ways.,Hempuli Oy,2019-03-13,E,Puzzle,"Puzzle, Unique Mechanics, Challenging, Indie",TRUE
84,Tetris Effect: Connected,Video Games,Puzzle,Xbox Series X,39.99,USD,170,https://cdn.cloudflare.steamstatic.com/steam/apps/1003590/header.jpg,Tetris evolved with stunning visuals and music. Experience the classic game in a new way.,Enhance Games,2020-07-27,E,Puzzle,"Tetris, Music, Relaxing, Multiplayer",TRUE,30,FALSE
85,Return of the Obra Dinn,Video Games,Mystery,PC,19.99,USD,190,https://shared.akamai.steamstatic.com/store_item_assets/steam/apps/653530/header.jpg,A unique detective mystery. Use a magical pocket watch to solve the fate of a ghost ship's crew.,3909 LLC,2018-10-18,T,Mystery,"Detective, Story-Rich, Unique Art Style, Puzzle",TRUE,0,FALSE
86,Disco Elysium - The Final Cut,Video Games,RPG,PlayStation 5,39.99,USD,175,https://image.api.playstation.com/vulcan/ap/rnd/202011/0313/E4HyFVLCLPCkPv3fFpTqH4Nc.png,A groundbreaking open-world RPG. Become a detective and solve a mysterious murder case.,ZA/UM,2021-03-30,M,RPG,"Story-Rich, Choices Matter, Detective, Isometric",TRUE,50,TRUE
87,Outer Wilds,Video Games,Exploration,Xbox Series X,24.99,USD,180,https://cdn.cloudflare.steamstatic.com/steam/apps/753640/header.jpg,Explore a solar system trapped in a time loop. Uncover the mysteries of an ancient alien race.,Annapurna Interactive,2019-05-28,T,Exploration,"Space, Mystery, Time Loop, Exploration",TRUE,40,TRUE
88,Death Stranding Director's Cut,Video Games,Action,PC,39.99,USD,165,https://cdn.cloudflare.steamstatic.com/steam/apps/1850570/header.jpg,From legendary game creator Hideo Kojima. Reconnect a fractured society in this unique experience.,505 Games,2021-09-24,M,Action,"Story-Rich, Open World, Cinematic, Unique",TRUE,33,FALSE
89,Control Ultimate Edition,Video Games,Action,PlayStation 5,39.99,USD,170,https://image.api.playstation.com/vulcan/ap/rnd/202206/0206/4CnqZb4GVSWQMIZkX3r0HUbs.png,A supernatural action-adventure. Battle mysterious forces with supernatural abilities.,505 Games,2019-08-27,M,Action,"Supernatural, Third-Person Shooter, Story-Rich, Physics",TRUE,40,FALSE
90,Psychonauts 2,Video Games,Platformer,Xbox Series X,59.99,USD,155,https://cdn.cloudflare.steamstatic.com/steam/apps/607080/header.jpg,A mind-bending platforming adventure. Explore surreal mental worlds with unique abilities.,Xbox Game Studios,2021-08-25,T,Platformer,"3D Platformer, Story-Rich, Humor, Creative",TRUE,25,FALSE
91,Sackboy: A Big Adventure,Video Games,Platformer,PlayStation 5,59.99,USD,160,https://image.api.playstation.com/vulcan/ap/rnd/202008/1318/8TIzW4ZGvV5VluqKHQqh8Zwt.png,A 3D platforming adventure with charm. Play solo or with up to 3 friends in local co-op.,Sony Interactive,2020-11-12,E,Platformer,"3D Platformer, Co-op, Family Friendly, Creative",TRUE,30,FALSE
92,Ratchet & Clank: Rift Apart,Video Games,Action,PlayStation 5,69.99,USD,165,https://image.api.playstation.com/vulcan/ap/rnd/202101/2921/DwVdpzzt6yUkUEDalQT0qyph.png,Jump between dimensions in this action-packed adventure. Experience PS5's capabilities.,Sony Interactive,2021-06-11,E10+,Action-Adventure,"3D Platformer, Action, Dimension Hopping, Stunning Graphics",TRUE,20,FALSE
93,Little Nightmares II,Video Games,Horror,PC,29.99,USD,185,https://shared.akamai.steamstatic.com/store_item_assets/steam/apps/860510/header.jpg,A suspenseful adventure through a dark world. Escape nightmarish creatures in this atmospheric game.,Bandai Namco,2021-02-10,T,Horror,"Atmospheric, Horror, Puzzle, Platformer",TRUE,50,FALSE
94,Inside,Video Games,Puzzle,Nintendo Switch,19.99,USD,195,https://assets.nintendo.com/image/upload/ar_16:9,c_lpad,w_1240/b_white/f_auto/q_auto/ncom/en_US/games/switch/i/inside-switch/hero,A dark puzzle-platformer. Solve environmental puzzles in a dystopian world.,Playdead,2016-06-29,M,Puzzle Platformer,"Atmospheric, Dark, Puzzle, Story-Rich",TRUE
95,Limbo,Video Games,Puzzle,PC,9.99,USD,210,https://shared.akamai.steamstatic.com/store_item_assets/steam/apps/48000/header.jpg,A black and white puzzle-platformer. Navigate through a dark world filled with deadly puzzles.,Playdead,2010-07-21,T,Puzzle Platformer,"Dark, Atmospheric, Puzzle, Indie",TRUE,0,FALSE
96,Gris,Video Games,Platformer,PC,16.99,USD,200,https://shared.akamai.steamstatic.com/store_item_assets/steam/apps/683320/header.jpg,A beautiful experience about hope and sorrow. Explore a stunning watercolor world.,Devolver Digital,2018-12-13,E,Platformer,"Beautiful, Atmospheric, Story-Rich, Relaxing",TRUE,30,FALSE
97,Journey,Video Games,Adventure,PlayStation 5,14.99,USD,190,https://image.api.playstation.com/cdn/UP9000/CUSA00470_00/FREE_CONTENTxJvQxM0vJrUcNWdEVxXEBQJ/PREVIEW_SCREENSHOT1_74921.jpg,A unique adventure through a mysterious desert. Travel to a distant mountain with other players.,Annapurna Interactive,2012-03-13,E,Adventure,"Atmospheric, Multiplayer, Beautiful, Short",TRUE,0,TRUE
98,Ori and the Will of the Wisps,Video Games,Platformer,Xbox Series X,29.99,USD,175,https://cdn.cloudflare.steamstatic.com/steam/apps/1057090/header.jpg,A gorgeous metroidvania platformer. Explore a vast world with emotional storytelling.,Xbox Game Studios,2020-03-11,E,Metroidvania,"Beautiful, Challenging, Story-Rich, Platformer",TRUE,40,TRUE
99,Ori and the Blind Forest,Video Games,Platformer,PC,19.99,USD,185,https://shared.akamai.steamstatic.com/store_item_assets/steam/apps/261570/header.jpg,A hand-painted metroidvania. Help Ori restore the forest in this emotional journey.,Xbox Game Studios,2015-03-11,E,Metroidvania,"Beautiful, Challenging, Story-Rich, Platformer",TRUE,50,FALSE
100,Undertale,Video Games,RPG,Nintendo Switch,14.99,USD,220,https://assets.nintendo.com/image/upload/ar_16:9,c_lpad,w_1240/b_white/f_auto/q_auto/ncom/en_US/games/switch/u/undertale-switch/hero,A unique RPG where nobody has to die. Make friends with quirky monsters in this indie hit.,Toby Fox,2015-09-15,E10+,RPG,"Bullet Hell, Story-Rich, Choices Matter, Indie",TRUE
101,Deltarune Chapter 1 & 2,Video Games,RPG,PC,0.00,USD,6535,https://shared.akamai.steamstatic.com/store_item_assets/steam/apps/1671210/header.jpg,From the creator of Undertale. A new story with familiar faces and fresh gameplay.,Toby Fox,2018-10-31,E10+,RPG,"Bullet Hell, Story-Rich, Free, Indie",TRUE,0,FALSE
102,SOMA,Video Games,Horror,PC,29.99,USD,165,https://shared.akamai.steamstatic.com/store_item_assets/steam/apps/282140/header.jpg,Sci-fi horror from the creators of Amnesia. Question reality and consciousness underwater.,Frictional Games,2015-09-22,M,Horror,"Atmospheric, Sci-Fi, Story-Rich, Psychological Horror",TRUE,50,FALSE
103,Amnesia: The Bunker,Video Games,Horror,Xbox Series X,24.99,USD,170,https://cdn.cloudflare.steamstatic.com/steam/apps/1944430/header.jpg,A first-person horror game set in a WWI bunker. Survive against an ever-present threat.,Frictional Games,2023-06-06,M,Horror,"Horror, Survival, Atmospheric, First-Person",TRUE,20,FALSE
104,Outlast,Video Games,Horror,PC,19.99,USD,180,https://shared.akamai.steamstatic.com/store_item_assets/steam/apps/238320/header.jpg,"First-person survival horror. Armed only with a camera, investigate a psychiatric hospital.",Red Barrels,2013-09-04,M,Horror,"Horror, First-Person, Stealth, Survival",TRUE,60,FALSE
105,Five Nights at Freddy's: Security Breach,Video Games,Horror,PlayStation 5,39.99,USD,160,https://image.api.playstation.com/vulcan/ap/rnd/202108/1820/JfFqI4hwKMhRVvOGqmvKiTiw.png,Survive the night at Freddy Fazbear's Mega Pizzaplex. Evade animatronics until 6am.,Steel Wool Studios,2021-12-16,T,Horror,"Horror, Survival, Stealth, Jump Scares",TRUE,35,FALSE
106,Phasmophobia,Video Games,Horror,PC,13.99,USD,195,https://shared.akamai.steamstatic.com/store_item_assets/steam/apps/739630/header.jpg,"Co-op psychological horror. Hunt ghosts with friends, using paranormal investigation equipment.",Kinetic Games,2020-09-18,T,Horror,"Co-op, Horror, Ghosts, Online Multiplayer",TRUE,0,TRUE
107,Microsoft Office 365 Personal,Software,Productivity,Windows/Mac,69.99,USD,500,https://img-prod-cms-rt-microsoft-com.akamaized.net/cms/api/am/imageFileData/RW10Wl0,"One-year subscription for one person. Includes Word, Excel, PowerPoint, and 1 TB of OneDrive storage.",Microsoft,2024-09-15,N/A,Productivity Suite,"Office Suite, Cloud Storage, Documents, Spreadsheets",FALSE,0,TRUE
108,Microsoft Office 365 Home,Software,Productivity,Windows/Mac,99.99,USD,450,https://img-prod-cms-rt-microsoft-com.akamaized.net/cms/api/am/imageFileData/RW10Wl0,One-year subscription for up to 6 people. Full Office apps plus 6 TB total OneDrive storage.,Microsoft,2024-09-15,N/A,Productivity Suite,"Office Suite, Cloud Storage, Family Plan, Multi-User",FALSE,0,TRUE
109,Adobe Creative Cloud All Apps,Software,Creative,Windows/Mac,659.88,USD,300,https://www.adobe.com/content/dam/cc/icons/creative-cloud.svg,"Annual subscription to 20+ Adobe apps, including Photoshop, Illustrator, and Premiere Pro.",Adobe,2024-10-14,N/A,Creative Suite,"Photo Editing, Video Editing, Design, Professional Tools",FALSE,0,TRUE
110,Adobe Photoshop,Software,Creative,Windows/Mac,263.88,USD,350,https://www.adobe.com/content/dam/cc/icons/photoshop-mobile.svg,Annual subscription to the industry-leading photo editing software.,Adobe,2024-10-14,N/A,Photo Editing,"Photo Editing, Image Manipulation, Professional, Industry Standard",FALSE,0,TRUE
111,Adobe Premiere Pro,Software,Creative,Windows/Mac,263.88,USD,320,https://www.adobe.com/content/dam/cc/icons/premiere.svg,Annual subscription to professional video editing software.,Adobe,2024-10-14,N/A,Video Editing,"Video Editing, Post Production, Professional, Industry Standard",FALSE,0,FALSE
112,CorelDRAW Graphics Suite,Software,Creative,Windows,549.00,USD,200,https://www.coreldraw.com/static/cdgs/images/pages/seo/product-icon.png,Professional vector illustration and layout software suite. One-time purchase.,Corel,2024-03-05,N/A,Graphic Design,"Vector Graphics, Design, Illustration, Professional",FALSE,0,FALSE
113,Affinity Photo,Software,Creative,Windows/Mac,69.99,USD,280,https://affinity.serif.com/img/global/product-icons/icon-product-photo.png,Professional photo editing software. One-time purchase — no subscription required.,Serif,2024-11-09,N/A,Photo Editing,"Photo Editing, Professional, One-Time Purchase, No Subscription",FALSE,0,FALSE
114,Affinity Designer,Software,Creative,Windows/Mac,69.99,USD,270,https://affinity.serif.com/img/global/product-icons/icon-product-designer.png,Professional graphic design and vector illustration. One-time purchase.,Serif,2024-11-09,N/A,Graphic Design,"Vector Graphics, Design, Professional, One-Time Purchase",FALSE,0,FALSE
115,DaVinci Resolve Studio,Software,Creative,Windows/Mac/Linux,295.00,USD,250,https://images.blackmagicdesign.com/images/products/davinciresolve/hero/hero-studio-xl.jpg,"Professional video editing, color grading, and audio post-production suite.",Blackmagic Design,2024-04-15,N/A,Video Editing,"Video Editing, Color Grading, Audio, Professional",FALSE,0,TRUE
116,Final Cut Pro,Software,Creative,Mac,299.99,USD,240,https://www.apple.com/v/final-cut-pro/p/images/overview/hero_icon__cyf3ovz8vxyu_large.png,Professional video editing for Mac. One-time purchase.,Apple,2024-06-10,N/A,Video Editing,"Video Editing, Mac Only, Professional, Optimized",FALSE,0,FALSE
117,Logic Pro,Software,Creative,Mac,199.99,USD,230,https://www.apple.com/v/logic-pro/p/images/overview/hero_icon__dxwiwrcivxma_large.png,Professional music production software for Mac. Complete recording studio.,Apple,2024-05-13,N/A,Music Production,"Music Production, Audio Recording, Mac Only, Professional",FALSE,0,FALSE
118,Ableton Live 11 Suite,Software,Creative,Windows/Mac,749.00,USD,180,https://cdn-resources.ableton.com/80bA26cPQ1hEJDFjpUKntxfqdmG3ZykO/static/images/og-image-1200x630.png,Complete software studio for music production performance and DJing.,Ableton,2021-02-23,N/A,Music Production,"Music Production, Live Performance, Audio, Electronic Music",FALSE,0,FALSE
119,FL Studio Producer Edition,Software,Creative,Windows/Mac,199.00,USD,220,https://support.image-line.com/action/image/FLStudio_Icon.png,Digital audio workstation for music production. Lifetime free updates.,Image-Line,2024-11-07,N/A,Music Production,"Music Production, Beat Making, Audio, DAW",FALSE,0,FALSE
120,Camtasia,Software,Creative,Windows/Mac,249.99,USD,210,https://assets.techsmith.com/Images/content/mkt-product-thumb-camtasia.png,Screen recording and video editing software. Perfect for tutorials and presentations.,TechSmith,2024-08-20,N/A,Screen Recording,"Screen Recording, Video Editing, Tutorials, Easy to Use",FALSE,0,FALSE
121,Windows 11 Pro,Software,Operating System,Windows,199.99,USD,400,https://upload.wikimedia.org/wikipedia/commons/e/e6/Windows_11_logo.svg,Professional operating system for PC. Includes enhanced security and productivity features.,Microsoft,2024-10-01,N/A,Operating System,"OS, Productivity, Security, Professional",FALSE,0,TRUE
122,Windows 11 Home,Software,Operating System,Windows,139.99,USD,450,https://upload.wikimedia.org/wikipedia/commons/e/e6/Windows_11_logo.svg,Consumer operating system for PC. Perfect for home users and gaming.,Microsoft,2024-10-01,N/A,Operating System,"OS, Home Use, Gaming, User-Friendly",FALSE,0,TRUE
123,Malwarebytes Premium,Software,Security,Windows/Mac,39.99,USD,380,https://www.malwarebytes.com/themes/custom/mbdesign/images/logo.svg,Annual subscription for comprehensive malware protection. Real-time scanning and removal.,Malwarebytes,2025-01-10,N/A,Antivirus,"Antivirus, Malware Protection, Real-Time Scanning, Security",FALSE,0,FALSE
124,Norton 360 Deluxe,Software,Security,Windows/Mac/Android/iOS,49.99,USD,360,https://us.norton.com/content/dam/norton/global/images/non-product/logos/logo_norton_360.png,Annual subscription protecting up to 5 devices. Includes VPN and cloud backup.,NortonLifeLock,2025-01-15,N/A,Internet Security,"Antivirus, VPN, Cloud Backup, Multi-Device",FALSE,0,FALSE
125,Bitdefender Total Security,Software,Security,Windows/Mac/Android/iOS,39.99,USD,340,https://www.bitdefender.com/content/dam/bitdefender/consumers/www/images/logos/logo-bitdefender.svg,Annual subscription for up to 5 devices. Advanced threat protection and privacy tools.,Bitdefender,2025-02-01,N/A,Internet Security,"Antivirus, Multi-Device, Privacy Tools, Advanced Protection",FALSE,0,FALSE
126,Kaspersky Total Security,Software,Security,Windows/Mac/Android/iOS,44.99,USD,330,https://www.kaspersky.com/content/en-global/images/b2c/product-logo/kaspersky-total-security.svg,Annual subscription protecting up to 5 devices. Comprehensive security suite.,Kaspersky,2024-09-20,N/A,Internet Security,"Antivirus, Multi-Device, Security Suite, Protection",FALSE,0,FALSE
127,NordVPN - 1 Year,Software,Security,Multi-Platform,71.88,USD,420,https://nordvpn.com/wp-content/themes/n2021/assets/images/logo.svg,One year VPN subscription. Secure browsing and access to global content.,NordVPN,2025-03-01,N/A,VPN Service,"VPN, Privacy, Streaming, Secure Browsing",FALSE,0,TRUE
128,ExpressVPN - 1 Year,Software,Security,Multi-Platform,99.84,USD,390,https://www.expressvpn.com/webstatic/images/ev-logo-white-square.svg,One year premium VPN subscription. Ultra-fast speeds and top security.,ExpressVPN,2025-01-22,N/A,VPN Service,"VPN, Privacy, Fast, Secure",FALSE,0,FALSE
129,CCleaner Professional,Software,Utilities,Windows/Mac,24.95,USD,310,https://www.ccleaner.com/images/logo/logo-ccleaner.svg,Annual subscription for PC optimization and cleaning. Improve system performance.,Piriform,2024-07-18,N/A,System Utility,"System Optimization, Cleaner, Performance, Maintenance",FALSE,0,FALSE
130,WinRAR,Software,Utilities,Windows,29.00,USD,300,https://www.win-rar.com/img/winrar_logo.svg,Lifetime license for file compression and extraction software.,RARLAB,2024-06-24,N/A,File Utility,"Compression, File Management, Archive, Extraction",FALSE,0,FALSE
131,Grammarly Premium,Software,Productivity,Multi-Platform,150.00,USD,370,https://static.grammarly.com/assets/files/a67c78c0e2a3ed7a13c5a2e9b58f0089/grammarly_favicon_v2.svg,"Annual subscription for an advanced writing assistant. Improves grammar, style, and clarity.",Grammarly,2025-01-08,N/A,Writing Tool,"Writing Assistant, Grammar Check, AI-Powered, Professional",FALSE,0,TRUE
132,Notion Personal Pro,Software,Productivity,Multi-Platform,96.00,USD,350,https://www.notion.so/front-static/logo-ios.png,"Annual subscription for an all-in-one workspace. Notes, docs, wikis, and project management.",Notion Labs,2025-02-12,N/A,Productivity Tool,"Notes, Project Management, Collaboration, Workspace",FALSE,0,TRUE
133,Evernote Personal,Software,Productivity,Multi-Platform,69.99,USD,340,https://evernote.com/c/assets/homepage/evernote-logo.svg,Annual subscription for note-taking and organization. Sync across all devices.,Evernote,2024-11-30,N/A,Note-Taking,"Note-Taking, Organization, Cloud Sync, Cross-Platform",FALSE,0,FALSE
134,Todoist Premium,Software,Productivity,Multi-Platform,35.99,USD,380,https://todoist.com/assets/images/branding/todoist-logo.png,"Annual subscription for task management. Labels, reminders, and collaboration features.",Doist,2025-01-05,N/A,Task Manager,"Task Management, To-Do Lists, Reminders, Organization",FALSE,0,FALSE
135,1Password Families,Software,Security,Multi-Platform,59.99,USD,360,https://1password.com/img/social-share/1password-social-1200x628.png,Annual subscription for password management for up to 5 family members. Secure vault.,1Password,2024-12-10,N/A,Password Manager,"Password Manager, Security, Family Plan, Encrypted",FALSE,0,FALSE
136,LastPass Premium,Software,Security,Multi-Platform,36.00,USD,370,https://www.lastpass.com/content/dam/lastpass/logos/LPIconColor.svg,Annual subscription for password management. Unlimited password storage and sync.,LastPass,2024-10-22,N/A,Password Manager,"Password Manager, Security, Cloud Sync, Encrypted",FALSE,0,FALSE
137,Dropbox Plus,Software,Cloud Storage,Multi-Platform,119.88,USD,400,https://cfl.dropboxstatic.com/static/images/logo_catalog/glyph_2015_16.png,"Annual subscription with 2 TB storage. File backup, sync, and sharing.",Dropbox,2025-01-17,N/A,Cloud Storage,"Cloud Storage, File Sync, Backup, Sharing",FALSE,0,FALSE
138,Google One - 2TB,Software,Cloud Storage,Multi-Platform,99.99,USD,410,https://lh3.googleusercontent.com/SJm5TFv5MgFm4xVBjEZm4nh2kkYvE1xQJEVNnRG5t6c,Annual subscription with 2 TB Google Drive storage. Includes family sharing.,Google,2024-12-01,N/A,Cloud Storage,"Cloud Storage, Google Drive, Family Sharing, Photos",FALSE,0,FALSE
139,iCloud+ 2TB,Software,Cloud Storage,iOS/Mac,119.88,USD,390,https://www.apple.com/v/icloud/o/images/overview/icloud_icon__dncoqr2c122q_large.png,Annual subscription for 2 TB iCloud storage. Photo backup and file storage for Apple devices.,Apple,2024-09-16,N/A,Cloud Storage,"Cloud Storage, Apple Ecosystem, Photo Backup, Files",FALSE,0,FALSE
140,Parallels Desktop,Software,Utilities,Mac,99.99,USD,260,https://www.parallels.com/wp-content/uploads/2021/11/parallels-desktop-icon.svg,Annual subscription to run Windows on Mac. Seamless integration and performance.,Parallels,2024-08-12,N/A,Virtualization,"Virtualization, Windows on Mac, Productivity, Performance",FALSE,0,FALSE
141,VMware Workstation Pro,Software,Utilities,Windows/Linux,199.00,USD,240,https://www.vmware.com/content/dam/digitalmarketing/vmware/en/images/icons/icon-workstation.svg,Professional desktop hypervisor. Run multiple operating systems simultaneously.,VMware,2024-05-14,N/A,Virtualization,"Virtualization, Professional, Multi-OS, Development",FALSE,0,FALSE
142,Steam Gift Card $25,Gift Cards,Gaming,Multi-Platform,25.00,USD,2591,https://upload.wikimedia.org/wikipedia/commons/8/83/Steam_icon_logo.svg,"Add funds to your Steam wallet. Purchase games, DLC, and in-game items on Steam.",Valve,2003-09-12,N/A,Digital Currency,"Steam, Gaming, Digital Currency, Games",TRUE,0,FALSE
143,Steam Gift Card $50,Gift Cards,Gaming,Multi-Platform,50.00,USD,2705,https://upload.wikimedia.org/wikipedia/commons/8/83/Steam_icon_logo.svg,"Add funds to your Steam wallet. Purchase games, DLC, and in-game items on Steam.",Valve,2003-09-12,N/A,Digital Currency,"Steam, Gaming, Digital Currency, Games",TRUE,0,TRUE
144,Steam Gift Card $100,Gift Cards,Gaming,Multi-Platform,100.00,USD,4939,https://upload.wikimedia.org/wikipedia/commons/8/83/Steam_icon_logo.svg,"Add funds to your Steam wallet. Purchase games, DLC, and in-game items on Steam.",Valve,2003-09-12,N/A,Digital Currency,"Steam, Gaming, Digital Currency, Games",TRUE,0,TRUE
145,PlayStation Store Gift Card $25,Gift Cards,Gaming,PlayStation,25.00,USD,1017,https://gmedia.playstation.com/is/image/SIEPDC/ps-logo-color-01-en-26jul22,"Add funds to your PlayStation wallet. Purchase games, add-ons, and subscriptions.",Sony Interactive,2006-11-11,N/A,Digital Currency,"PlayStation, Gaming, Digital Currency, Console",TRUE,0,FALSE
146,PlayStation Store Gift Card $50,Gift Cards,Gaming,PlayStation,50.00,USD,2428,https://gmedia.playstation.com/is/image/SIEPDC/ps-logo-color-01-en-26jul22,"Add funds to your PlayStation wallet. Purchase games, add-ons, and subscriptions.",Sony Interactive,2006-11-11,N/A,Digital Currency,"PlayStation, Gaming, Digital Currency, Console",TRUE,0,TRUE
147,PlayStation Store Gift Card $100,Gift Cards,Gaming,PlayStation,100.00,USD,4236,https://gmedia.playstation.com/is/image/SIEPDC/ps-logo-color-01-en-26jul22,"Add funds to your PlayStation wallet. Purchase games, add-ons, and subscriptions.",Sony Interactive,2006-11-11,N/A,Digital Currency,"PlayStation, Gaming, Digital Currency, Console",TRUE,0,TRUE
148,Xbox Gift Card $25,Gift Cards,Gaming,Xbox,25.00,USD,2605,https://compass-ssl.xbox.com/assets/22/31/2231c675-b42c-46d4-87ed-f9e5bd81be3d.jpg,"Add funds to your Microsoft account. Purchase Xbox games, apps, and subscriptions.",Microsoft,2005-11-22,N/A,Digital Currency,"Xbox, Gaming, Digital Currency, Microsoft",TRUE,0,FALSE
149,Xbox Gift Card $50,Gift Cards,Gaming,Xbox,50.00,USD,4479,https://compass-ssl.xbox.com/assets/22/31/2231c675-b42c-46d4-87ed-f9e5bd81be3d.jpg,"Add funds to your Microsoft account. Purchase Xbox games, apps, and subscriptions.",Microsoft,2005-11-22,N/A,Digital Currency,"Xbox, Gaming, Digital Currency, Microsoft",TRUE,0,TRUE
150,Xbox Gift Card $100,Gift Cards,Gaming,Xbox,100.00,USD,3078,https://compass-ssl.xbox.com/assets/22/31/2231c675-b42c-46d4-87ed-f9e5bd81be3d.jpg,"Add funds to your Microsoft account. Purchase Xbox games, apps, and subscriptions.",Microsoft,2005-11-22,N/A,Digital Currency,"Xbox, Gaming, Digital Currency, Microsoft",TRUE,0,TRUE
151,Nintendo eShop Gift Card $20,Gift Cards,Gaming,Nintendo Switch,20.00,USD,853,https://assets.nintendo.com/image/upload/f_auto/q_auto/dpr_1.5/c_scale,"Add funds to your Nintendo eShop. Purchase Switch games, DLC, and subscriptions.",Add funds to Nintendo eShop. Purchase Switch games DLC and subscriptions.,Nintendo,N/A,E,Digital Currency,TRUE,FALSE,0
152,Nintendo eShop Gift Card $50,Gift Cards,Gaming,Nintendo Switch,50.00,USD,2107,https://assets.nintendo.com/image/upload/f_auto/q_auto/dpr_1.5/c_scale,"Add funds to your Nintendo eShop. Purchase Switch games, DLC, and subscriptions.",Add funds to Nintendo eShop. Purchase Switch games DLC and subscriptions.,Nintendo,N/A,E,Digital Currency,TRUE,FALSE,0
153,Roblox Gift Card $25,Gift Cards,Gaming,Multi-Platform,25.00,USD,4262,https://images.rbxcdn.com/c5c70dc71e3a4f7e9b64ed5e0c0bc0fc,"Redeem for Robux or a premium subscription. Purchase items, avatar gear, and game passes.",Roblox Corporation,2006-09-01,N/A,Digital Currency,"Roblox, Kids, Virtual Currency, Creative",TRUE,0,TRUE
154,Minecraft: Minecoins Pack - 1720,Gift Cards,Gaming,Multi-Platform,9.99,USD,1893,https://www.minecraft.net/content/dam/games/minecraft/key-art/Games_Subnav_Minecraft-300x465.jpg,"Purchase skins, worlds, and texture packs in the Minecraft Marketplace.",Mojang Studios,2011-11-18,N/A,Digital Currency,"Minecraft, Virtual Currency, Skins, Add-ons",TRUE,0,FALSE
155,V-Bucks $13.99 Pack,Gift Cards,Gaming,Multi-Platform,13.99,USD,1638,https://cdn2.unrealengine.com/fortnite-v-bucks-pack-1920x1080-1920x1080-8fe2e0afbab0.jpg,"1,000 V-Bucks for Fortnite. Purchase Battle Passes, outfits, and emotes.",Epic Games,2017-07-25,N/A,Digital Currency,"Fortnite, Virtual Currency, Battle Royale, Cosmetics",TRUE,0,FALSE
156,V-Bucks $31.99 Pack,Gift Cards,Gaming,Multi-Platform,31.99,USD,1136,https://cdn2.unrealengine.com/fortnite-v-bucks-pack-1920x1080-1920x1080-8fe2e0afbab0.jpg,"2,800 V-Bucks for Fortnite. Purchase Battle Passes, outfits, and emotes.",Epic Games,2017-07-25,N/A,Digital Currency,"Fortnite, Virtual Currency, Battle Royale, Cosmetics",TRUE,0,TRUE
157,Amazon Gift Card $25,Gift Cards,Retail,Multi-Platform,25.00,USD,2563,https://m.media-amazon.com/images/G/01/gc/designs/livepreview/amazon_dkblue_noto_email_v2016_us-main._CB468775337_.png,Digital gift card for Amazon.com. Purchase anything from Amazon's vast selection.,Amazon,1994-07-05,N/A,Gift Card,"Amazon, Shopping, Retail, Universal",TRUE,0,FALSE
158,Amazon Gift Card $50,Gift Cards,Retail,Multi-Platform,50.00,USD,3557,https://m.media-amazon.com/images/G/01/gc/designs/livepreview/amazon_dkblue_noto_email_v2016_us-main._CB468775337_.png,Digital gift card for Amazon.com. Purchase anything from Amazon's vast selection.,Amazon,1994-07-05,N/A,Gift Card,"Amazon, Shopping, Retail, Universal",TRUE,0,TRUE
159,Amazon Gift Card $100,Gift Cards,Retail,Multi-Platform,100.00,USD,1637,https://m.media-amazon.com/images/G/01/gc/designs/livepreview/amazon_dkblue_noto_email_v2016_us-main._CB468775337_.png,Digital gift card for Amazon.com. Purchase anything from Amazon's vast selection.,Amazon,1994-07-05,N/A,Gift Card,"Amazon, Shopping, Retail, Universal",TRUE,0,TRUE
160,Spotify Premium - 3 Months,Gift Cards,Entertainment,Multi-Platform,29.97,USD,1759,https://storage.googleapis.com/pr-newsroom-wp/1/2018/11/Spotify_Logo_CMYK_Green.png,"Three months of Spotify Premium. Ad-free music, offline listening, and unlimited skips.",Spotify,2008-10-07,N/A,Subscription,"Music, Streaming, Premium, Ad-Free",TRUE,0,FALSE
161,Netflix Gift Card $30,Gift Cards,Entertainment,Multi-Platform,30.00,USD,3912,https://assets.brand.microsites.netflix.io/assets/2800a67c-4252-11ec-a9ce-066b49664af6_cm_800w.jpg,Apply to a Netflix account for streaming subscription. Watch unlimited shows and movies.,Netflix,2007-01-15,N/A,Subscription,"Streaming, Movies, TV Shows, Entertainment",TRUE,0,FALSE
162,Netflix Gift Card $60,Gift Cards,Entertainment,Multi-Platform,60.00,USD,1592,https://assets.brand.microsites.netflix.io/assets/2800a67c-4252-11ec-a9ce-066b49664af6_cm_800w.jpg,Apply to a Netflix account for streaming subscription. Watch unlimited shows and movies.,Netflix,2007-01-15,N/A,Subscription,"Streaming, Movies, TV Shows, Entertainment",TRUE,0,TRUE
163,Disney+ Gift Subscription - 1 Year,Gift Cards,Entertainment,Multi-Platform,79.99,USD,3740,https://cnbl-cdn.bamgrid.com/assets/7ecc8bcb60ad77193058d63e321bd21c.png,"One year of Disney+ streaming. Access Disney, Marvel, Star Wars, and more.",Disney,2019-11-12,N/A,Subscription,"Streaming, Disney, Marvel, Family",TRUE,0,TRUE
164,Apple Gift Card $25,Gift Cards,Retail,Apple,25.00,USD,3617,https://www.apple.com/v/gift-cards/j/images/meta/gift-cards__fdpv8j5tn98y_og.png,"Use for apps, games, music, movies, and Apple products. Works with all Apple services.",Apple,2003-04-28,N/A,Gift Card,"Apple, iTunes, App Store, Music",TRUE,0,FALSE
165,Apple Gift Card $50,Gift Cards,Retail,Apple,50.00,USD,2966,https://www.apple.com/v/gift-cards/j/images/meta/gift-cards__fdpv8j5tn98y_og.png,"Use for apps, games, music, movies, and Apple products. Works with all Apple services.",Apple,2003-04-28,N/A,Gift Card,"Apple, iTunes, App Store, Music",TRUE,0,TRUE
166,Google Play Gift Card $25,Gift Cards,Gaming,Android,25.00,USD,1155,https://play-lh.googleusercontent.com/jBfZccSHZ3k4JbhSQiT1C4qw7n6K5vCEI2bMLZ3OwdTsHKHM7z9g3k4jt3qQhQk3qzM,"Purchase apps, games, movies, books, and more on the Google Play Store.",Google,2012-03-06,N/A,Digital Currency,"Google Play, Android, Apps, Games",TRUE,0,FALSE
167,Google Play Gift Card $50,Gift Cards,Gaming,Android,50.00,USD,4563,https://play-lh.googleusercontent.com/jBfZccSHZ3k4JbhSQiT1C4qw7n6K5vCEI2bMLZ3OwdTsHKHM7z9g3k4jt3qQhQk3qzM,"Purchase apps, games, movies, books, and more on the Google Play Store.",Google,2012-03-06,N/A,Digital Currency,"Google Play, Android, Apps, Games",TRUE,0,TRUE
168,Visa Prepaid Gift Card $100,Gift Cards,Retail,Multi-Platform,100.00,USD,1822,https://usa.visa.com/dam/VCOM/regional/na/us/pay-with-visa/images/gift-cards/visa-gift-card-400x250.png,Use anywhere Visa is accepted. Perfect for online shopping and everyday purchases.,Visa,1958-09-01,N/A,Prepaid Card,"Visa, Shopping, Universal, Prepaid",TRUE,0,TRUE
169,Mastercard Prepaid Gift Card $50,Gift Cards,Retail,Multi-Platform,50.00,USD,3900,https://www.mastercard.us/content/dam/public/mastercardcom/na/us/en/consumers/find-card-products/gift-cards/gift-card-image.png,Use anywhere Mastercard is accepted. Convenient for gifts and online shopping.,Mastercard,1966-01-01,N/A,Prepaid Card,"Mastercard, Shopping, Universal, Prepaid",TRUE,0,FALSE
170,Discord Nitro - 1 Year,Gift Cards,Entertainment,Multi-Platform,99.99,USD,1645,https://assets-global.website-files.com/6257adef93867e50d84d30e2/636e0a69f118df70ad7828d4_icon_clyde_blurple_RGB.svg,"One year of Discord Nitro. Enhanced chat, custom emojis, larger uploads, and more.",Discord,2015-05-13,N/A,Subscription,"Chat, Gaming, Social, Premium Features",TRUE,0,TRUE
